n,structure,operation,repeat,batch_size,batch_seconds,seconds_per_operation
1000,DynamicArray,prepend,1,50,0.01637230000051204,0.00032744600001024084
1000,DynamicArray,prepend,2,50,0.016855099995154887,0.00033710199990309774
1000,DynamicArray,prepend,3,50,0.01666789999580942,0.0003333579999161884
1000,DynamicArray,prepend,4,50,0.01614740000513848,0.00032294800010276956
1000,DynamicArray,prepend,5,50,0.01615039999887813,0.00032300799997756255
1000,DynamicArray,get_middle,1,200,5.119999696034938e-05,2.559999848017469e-07
1000,DynamicArray,get_middle,2,200,5.09000092279166e-05,2.54500046139583e-07
1000,DynamicArray,get_middle,3,200,5.0300004659220576e-05,2.515000232961029e-07
1000,DynamicArray,get_middle,4,200,4.939999780617654e-05,2.469999890308827e-07
1000,DynamicArray,get_middle,5,200,5.079999391455203e-05,2.5399996957276015e-07
1000,SinglyLinkedList,prepend,1,50,2.2599997464567423e-05,4.5199994929134847e-07
1000,SinglyLinkedList,prepend,2,50,2.239999594166875e-05,4.4799991883337497e-07
1000,SinglyLinkedList,prepend,3,50,1.9500002963468432e-05,3.9000005926936863e-07
1000,SinglyLinkedList,prepend,4,50,2.0799998310394585e-05,4.159999662078917e-07
1000,SinglyLinkedList,prepend,5,50,2.0699997548945248e-05,4.1399995097890497e-07
1000,SinglyLinkedList,get_middle,1,200,0.0022157000057632104,1.1078500028816051e-05
1000,SinglyLinkedList,get_middle,2,200,0.0022151000011945143,1.1075500005972571e-05
1000,SinglyLinkedList,get_middle,3,200,0.002106700005242601,1.0533500026213005e-05
1000,SinglyLinkedList,get_middle,4,200,0.0023095000069588423,1.1547500034794212e-05
1000,SinglyLinkedList,get_middle,5,200,0.00211719999788329,1.058599998941645e-05
1000,DoublyLinkedList,prepend,1,50,2.920000406447798e-05,5.840000812895596e-07
1000,DoublyLinkedList,prepend,2,50,2.269999822601676e-05,4.539999645203352e-07
1000,DoublyLinkedList,prepend,3,50,2.1200001356191933e-05,4.240000271238387e-07
1000,DoublyLinkedList,prepend,4,50,2.1200001356191933e-05,4.240000271238387e-07
1000,DoublyLinkedList,prepend,5,50,2.1899992134422064e-05,4.3799984268844126e-07
1000,DoublyLinkedList,get_middle,1,200,0.0023339000035775825,1.1669500017887914e-05
1000,DoublyLinkedList,get_middle,2,200,0.0020567000028677285,1.0283500014338642e-05
1000,DoublyLinkedList,get_middle,3,200,0.002228199999080971,1.1140999995404854e-05
1000,DoublyLinkedList,get_middle,4,200,0.0022669000027235597,1.13345000136178e-05
1000,DoublyLinkedList,get_middle,5,200,0.0020840000070165843,1.042000003508292e-05
5000,DynamicArray,prepend,1,50,0.08295619999989867,0.0016591239999979735
5000,DynamicArray,prepend,2,50,0.08346420001180377,0.0016692840002360753
5000,DynamicArray,prepend,3,50,0.08099709999805782,0.0016199419999611564
5000,DynamicArray,prepend,4,50,0.08307609999610577,0.0016615219999221154
5000,DynamicArray,prepend,5,50,0.08525329999974929,0.0017050659999949857
5000,DynamicArray,get_middle,1,200,5.259999306872487e-05,2.6299996534362437e-07
5000,DynamicArray,get_middle,2,200,5.09000092279166e-05,2.54500046139583e-07
5000,DynamicArray,get_middle,3,200,5.0099988584406674e-05,2.5049994292203335e-07
5000,DynamicArray,get_middle,4,200,5.050000618211925e-05,2.525000309105962e-07
5000,DynamicArray,get_middle,5,200,4.9700000090524554e-05,2.485000004526228e-07
5000,SinglyLinkedList,prepend,1,50,2.239999594166875e-05,4.4799991883337497e-07
5000,SinglyLinkedList,prepend,2,50,2.3899992811493576e-05,4.779998562298715e-07
5000,SinglyLinkedList,prepend,3,50,2.130000211764127e-05,4.260000423528254e-07
5000,SinglyLinkedList,prepend,4,50,2.0799998310394585e-05,4.159999662078917e-07
5000,SinglyLinkedList,prepend,5,50,2.0799998310394585e-05,4.159999662078917e-07
5000,SinglyLinkedList,get_middle,1,200,0.013204999995650724,6.602499997825362e-05
5000,SinglyLinkedList,get_middle,2,200,0.01304629999503959,6.523149997519795e-05
5000,SinglyLinkedList,get_middle,3,200,0.01285670000652317,6.428350003261585e-05
5000,SinglyLinkedList,get_middle,4,200,0.013277499994728714,6.638749997364357e-05
5000,SinglyLinkedList,get_middle,5,200,0.012598999994224869,6.299499997112434e-05
5000,DoublyLinkedList,prepend,1,50,2.540000423323363e-05,5.080000846646726e-07
5000,DoublyLinkedList,prepend,2,50,2.300000051036477e-05,4.600000102072954e-07
5000,DoublyLinkedList,prepend,3,50,2.200000744778663e-05,4.400001489557326e-07
5000,DoublyLinkedList,prepend,4,50,2.0500010577961802e-05,4.1000021155923605e-07
5000,DoublyLinkedList,prepend,5,50,2.1899992134422064e-05,4.3799984268844126e-07
5000,DoublyLinkedList,get_middle,1,200,0.012163399995188229,6.0816999975941144e-05
5000,DoublyLinkedList,get_middle,2,200,0.012067699994076975,6.0338499970384874e-05
5000,DoublyLinkedList,get_middle,3,200,0.012065999995684251,6.032999997842125e-05
5000,DoublyLinkedList,get_middle,4,200,0.012208199987071566,6.104099993535783e-05
5000,DoublyLinkedList,get_middle,5,200,0.012454799987608567,6.227399993804284e-05
10000,DynamicArray,prepend,1,50,0.1720249999925727,0.003440499999851454
10000,DynamicArray,prepend,2,50,0.16803459999209736,0.003360691999841947
10000,DynamicArray,prepend,3,50,0.1707793999958085,0.0034155879999161697
10000,DynamicArray,prepend,4,50,0.1681620000017574,0.003363240000035148
10000,DynamicArray,prepend,5,50,0.17814059999363963,0.0035628119998727926
10000,DynamicArray,get_middle,1,200,5.26000076206401e-05,2.630000381032005e-07
10000,DynamicArray,get_middle,2,200,4.980000085197389e-05,2.490000042598695e-07
10000,DynamicArray,get_middle,3,200,5.020000389777124e-05,2.510000194888562e-07
10000,DynamicArray,get_middle,4,200,5.01000031363219e-05,2.505000156816095e-07
10000,DynamicArray,get_middle,5,200,4.9299997044727206e-05,2.46499985223636e-07
10000,SinglyLinkedList,prepend,1,50,2.099999983329326e-05,4.199999966658652e-07
10000,SinglyLinkedList,prepend,2,50,2.1599989850074053e-05,4.3199979700148105e-07
10000,SinglyLinkedList,prepend,3,50,2.1200001356191933e-05,4.240000271238387e-07
10000,SinglyLinkedList,prepend,4,50,2.059999678749591e-05,4.119999357499182e-07
10000,SinglyLinkedList,prepend,5,50,2.2299995180219412e-05,4.4599990360438825e-07
10000,SinglyLinkedList,get_middle,1,200,0.02580889999808278,0.0001290444999904139
10000,SinglyLinkedList,get_middle,2,200,0.027540499999304302,0.0001377024999965215
10000,SinglyLinkedList,get_middle,3,200,0.026221299995086156,0.00013110649997543077
10000,SinglyLinkedList,get_middle,4,200,0.026606100000208244,0.0001330305000010412
10000,SinglyLinkedList,get_middle,5,200,0.025122399994870648,0.00012561199997435324
10000,DoublyLinkedList,prepend,1,50,2.479999966453761e-05,4.959999932907522e-07
10000,DoublyLinkedList,prepend,2,50,2.4300010409206152e-05,4.86000208184123e-07
10000,DoublyLinkedList,prepend,3,50,2.239999594166875e-05,4.4799991883337497e-07
10000,DoublyLinkedList,prepend,4,50,2.130000211764127e-05,4.260000423528254e-07
10000,DoublyLinkedList,prepend,5,50,2.0799998310394585e-05,4.159999662078917e-07
10000,DoublyLinkedList,get_middle,1,200,0.024856699994415976,0.0001242834999720799
10000,DoublyLinkedList,get_middle,2,200,0.024647700003697537,0.00012323850001848768
10000,DoublyLinkedList,get_middle,3,200,0.02452140000241343,0.00012260700001206714
10000,DoublyLinkedList,get_middle,4,200,0.024644199991598725,0.00012322099995799364
10000,DoublyLinkedList,get_middle,5,200,0.02451410000503529,0.00012257050002517644
20000,DynamicArray,prepend,1,50,0.3497400999913225,0.00699480199982645
20000,DynamicArray,prepend,2,50,0.35071179999795277,0.007014235999959055
20000,DynamicArray,prepend,3,50,0.35388580001017544,0.007077716000203509
20000,DynamicArray,prepend,4,50,0.3505260999954771,0.007010521999909543
20000,DynamicArray,prepend,5,50,0.40772780000406783,0.008154556000081357
20000,DynamicArray,get_middle,1,200,5.160000000614673e-05,2.5800000003073364e-07
20000,DynamicArray,get_middle,2,200,5.020000389777124e-05,2.510000194888562e-07
20000,DynamicArray,get_middle,3,200,4.919999628327787e-05,2.4599998141638937e-07
20000,DynamicArray,get_middle,4,200,5.160000000614673e-05,2.5800000003073364e-07
20000,DynamicArray,get_middle,5,200,5.1099996198900044e-05,2.5549998099450023e-07
20000,SinglyLinkedList,prepend,1,50,2.1400002879090607e-05,4.280000575818121e-07
20000,SinglyLinkedList,prepend,2,50,2.1400002879090607e-05,4.280000575818121e-07
20000,SinglyLinkedList,prepend,3,50,2.020000829361379e-05,4.0400016587227583e-07
20000,SinglyLinkedList,prepend,4,50,2.1899992134422064e-05,4.3799984268844126e-07
20000,SinglyLinkedList,prepend,5,50,2.030000905506313e-05,4.0600018110126255e-07
20000,SinglyLinkedList,get_middle,1,200,0.05490309999731835,0.00027451549998659176
20000,SinglyLinkedList,get_middle,2,200,0.050575100001879036,0.00025287550000939517
20000,SinglyLinkedList,get_middle,3,200,0.052656899992143735,0.0002632844999607187
20000,SinglyLinkedList,get_middle,4,200,0.05165789999591652,0.0002582894999795826
20000,SinglyLinkedList,get_middle,5,200,0.05263210000703111,0.00026316050003515556
20000,DoublyLinkedList,prepend,1,50,2.8800001018680632e-05,5.760000203736126e-07
20000,DoublyLinkedList,prepend,2,50,2.300000051036477e-05,4.600000102072954e-07
20000,DoublyLinkedList,prepend,3,50,2.340000355616212e-05,4.680000711232424e-07
20000,DoublyLinkedList,prepend,4,50,2.3600005079060793e-05,4.7200010158121584e-07
20000,DoublyLinkedList,prepend,5,50,2.130000211764127e-05,4.260000423528254e-07
20000,DoublyLinkedList,get_middle,1,200,0.05170409999846015,0.00025852049999230075
20000,DoublyLinkedList,get_middle,2,200,0.04957470000954345,0.0002478735000477172
20000,DoublyLinkedList,get_middle,3,200,0.050123999986681156,0.00025061999993340576
20000,DoublyLinkedList,get_middle,4,200,0.049820500003988855,0.00024910250001994425
20000,DoublyLinkedList,get_middle,5,200,0.04979079999611713,0.00024895399998058564
50000,DynamicArray,prepend,1,50,0.9763825999980327,0.019527651999960653
50000,DynamicArray,prepend,2,50,0.9601681000058306,0.019203362000116613
50000,DynamicArray,prepend,3,50,0.992885200001183,0.01985770400002366
50000,DynamicArray,prepend,4,50,0.9522837999975309,0.019045675999950617
50000,DynamicArray,prepend,5,50,0.9764752000046428,0.019529504000092856
50000,DynamicArray,get_middle,1,200,5.259999306872487e-05,2.6299996534362437e-07
50000,DynamicArray,get_middle,2,200,5.160000000614673e-05,2.5800000003073364e-07
50000,DynamicArray,get_middle,3,200,5.18000015290454e-05,2.5900000764522703e-07
50000,DynamicArray,get_middle,4,200,5.0699993153102696e-05,2.5349996576551346e-07
50000,DynamicArray,get_middle,5,200,5.160000000614673e-05,2.5800000003073364e-07
50000,SinglyLinkedList,prepend,1,50,2.339998900424689e-05,4.679997800849378e-07
50000,SinglyLinkedList,prepend,2,50,2.200000744778663e-05,4.400001489557326e-07
50000,SinglyLinkedList,prepend,3,50,2.1400002879090607e-05,4.280000575818121e-07
50000,SinglyLinkedList,prepend,4,50,1.959998917300254e-05,3.9199978346005083e-07
50000,SinglyLinkedList,prepend,5,50,2.099999983329326e-05,4.199999966658652e-07
50000,SinglyLinkedList,get_middle,1,200,0.12987789999169763,0.0006493894999584881
50000,SinglyLinkedList,get_middle,2,200,0.13175479999335948,0.0006587739999667974
50000,SinglyLinkedList,get_middle,3,200,0.12954889998945873,0.0006477444999472936
50000,SinglyLinkedList,get_middle,4,200,0.13460570000461303,0.0006730285000230652
50000,SinglyLinkedList,get_middle,5,200,0.1304115999955684,0.000652057999977842
50000,DoublyLinkedList,prepend,1,50,2.7900008717551827e-05,5.580001743510366e-07
50000,DoublyLinkedList,prepend,2,50,2.7700007194653153e-05,5.54000143893063e-07
50000,DoublyLinkedList,prepend,3,50,2.200000744778663e-05,4.400001489557326e-07
50000,DoublyLinkedList,prepend,4,50,2.7399990358389914e-05,5.479998071677983e-07
50000,DoublyLinkedList,prepend,5,50,2.339998900424689e-05,4.679997800849378e-07
50000,DoublyLinkedList,get_middle,1,200,0.1304550999921048,0.0006522754999605241
50000,DoublyLinkedList,get_middle,2,200,0.1267717000009725,0.0006338585000048624
50000,DoublyLinkedList,get_middle,3,200,0.12818650000554044,0.0006409325000277022
50000,DoublyLinkedList,get_middle,4,200,0.12917330001073424,0.0006458665000536711
50000,DoublyLinkedList,get_middle,5,200,0.12656259999494068,0.0006328129999747034
100000,DynamicArray,prepend,1,50,2.068406699996558,0.04136813399993116
100000,DynamicArray,prepend,2,50,2.1166814000025624,0.04233362800005125
100000,DynamicArray,prepend,3,50,2.091223200011882,0.04182446400023764
100000,DynamicArray,prepend,4,50,2.1901305000064895,0.04380261000012979
100000,DynamicArray,prepend,5,50,2.156524800011539,0.04313049600023078
100000,DynamicArray,get_middle,1,200,5.280000914353877e-05,2.6400004571769386e-07
100000,DynamicArray,get_middle,2,200,5.1099996198900044e-05,2.5549998099450023e-07
100000,DynamicArray,get_middle,3,200,5.0699993153102696e-05,2.5349996576551346e-07
100000,DynamicArray,get_middle,4,200,5.020000389777124e-05,2.510000194888562e-07
100000,DynamicArray,get_middle,5,200,5.160000000614673e-05,2.5800000003073364e-07
100000,SinglyLinkedList,prepend,1,50,2.160000440198928e-05,4.320000880397856e-07
100000,SinglyLinkedList,prepend,2,50,2.3600005079060793e-05,4.7200010158121584e-07
100000,SinglyLinkedList,prepend,3,50,2.0799998310394585e-05,4.159999662078917e-07
100000,SinglyLinkedList,prepend,4,50,2.1500003640539944e-05,4.300000728107989e-07
100000,SinglyLinkedList,prepend,5,50,2.2200008970685303e-05,4.4400017941370605e-07
100000,SinglyLinkedList,get_middle,1,200,0.2870818999945186,0.001435409499972593
100000,SinglyLinkedList,get_middle,2,200,0.28190360000007786,0.0014095180000003892
100000,SinglyLinkedList,get_middle,3,200,0.28868720000900794,0.0014434360000450397
100000,SinglyLinkedList,get_middle,4,200,0.29375949999666773,0.0014687974999833386
100000,SinglyLinkedList,get_middle,5,200,0.28000210000027437,0.0014000105000013718
100000,DoublyLinkedList,prepend,1,50,2.7700007194653153e-05,5.54000143893063e-07
100000,DoublyLinkedList,prepend,2,50,2.4600012693554163e-05,4.920002538710833e-07
100000,DoublyLinkedList,prepend,3,50,2.469999890308827e-05,4.939999780617654e-07
100000,DoublyLinkedList,prepend,4,50,2.1799991372972727e-05,4.3599982745945454e-07
100000,DoublyLinkedList,prepend,5,50,2.260001201648265e-05,4.5200024032965304e-07
100000,DoublyLinkedList,get_middle,1,200,0.2758670000039274,0.0013793350000196368
100000,DoublyLinkedList,get_middle,2,200,0.2718001000030199,0.0013590005000150996
100000,DoublyLinkedList,get_middle,3,200,0.27556530000583734,0.0013778265000291866
100000,DoublyLinkedList,get_middle,4,200,0.27095289999851957,0.001354764499992598
100000,DoublyLinkedList,get_middle,5,200,0.26528600000892766,0.0013264300000446383
